Date,game_name,team_name,Player_Id,shift_number,period,start_clock,end_clock,shift_length
10/25/2024,2024-10-25 - Team H at Team G,Team H,Go,1,1,20:00,0:00,20:00
10/25/2024,2024-10-25 - Team H at Team G,Team G,Go,1,1,20:00,0:00,20:00
10/25/2024,2024-10-25 - Team H at Team G,Team G,Go,2,2,20:00,0:00,20:00
10/25/2024,2024-10-25 - Team H at Team G,Team H,Go,2,2,20:00,0:00,20:00
10/25/2024,2024-10-25 - Team H at Team G,Team G,Go,3,3,20:00,0:00,20:00
10/25/2024,2024-10-25 - Team H at Team G,Team H,Go,3,3,20:00,3:36,16:24
10/25/2024,2024-10-25 - Team H at Team G,Team H,19,18,3,3:34,0:00,3:34
10/25/2024,2024-10-25 - Team H at Team G,Team H,37,17,2,5:22,3:12,2:10
10/25/2024,2024-10-25 - Team H at Team G,Team H,12,22,3,2:03,0:00,2:03
10/25/2024,2024-10-25 - Team H at Team G,Team H,22,21,3,2:03,0:00,2:03
10/25/2024,2024-10-25 - Team H at Team G,Team H,26,20,3,2:03,0:00,2:03
10/25/2024,2024-10-25 - Team H at Team G,Team H,18,20,3,2:03,0:00,2:03
10/25/2024,2024-10-25 - Team H at Team G,Team G,21,24,3,2:03,0:00,2:03
10/25/2024,2024-10-25 - Team H at Team G,Team G,14,24,3,2:03,0:00,2:03
10/25/2024,2024-10-25 - Team H at Team G,Team G,54,25,3,2:03,0:00,2:03
10/25/2024,2024-10-25 - Team H at Team G,Team G,84,14,2,7:19,5:29,1:50
10/25/2024,2024-10-25 - Team H at Team G,Team H,41,14,2,5:22,3:32,1:50
10/25/2024,2024-10-25 - Team H at Team G,Team H,26,13,2,5:22,3:32,1:50
10/25/2024,2024-10-25 - Team H at Team G,Team H,26,19,3,3:50,2:03,1:47
10/25/2024,2024-10-25 - Team H at Team G,Team H,18,7,1,1:46,0:00,1:46
10/25/2024,2024-10-25 - Team H at Team G,Team H,26,7,1,1:46,0:00,1:46
10/25/2024,2024-10-25 - Team H at Team G,Team H,22,6,1,1:46,0:00,1:46
10/25/2024,2024-10-25 - Team H at Team G,Team G,55,23,3,2:26,0:40,1:46
10/25/2024,2024-10-25 - Team H at Team G,Team H,5,16,2,1:42,0:00,1:42
10/25/2024,2024-10-25 - Team H at Team G,Team H,14,8,2,1:42,0:00,1:42
10/25/2024,2024-10-25 - Team H at Team G,Team H,10,11,2,1:42,0:00,1:42
10/25/2024,2024-10-25 - Team H at Team G,Team H,13,11,2,5:22,3:43,1:39
10/25/2024,2024-10-25 - Team H at Team G,Team H,37,21,3,11:39,10:02,1:37
10/25/2024,2024-10-25 - Team H at Team G,Team H,41,19,3,11:39,10:02,1:37
10/25/2024,2024-10-25 - Team H at Team G,Team H,19,15,3,10:15,8:38,1:37
10/25/2024,2024-10-25 - Team H at Team G,Team G,39,16,2,3:41,2:07,1:34
10/25/2024,2024-10-25 - Team H at Team G,Team H,25,10,2,4:22,2:49,1:33
10/25/2024,2024-10-25 - Team H at Team G,Team H,11,9,2,1:32,0:00,1:32
10/25/2024,2024-10-25 - Team H at Team G,Team G,63,13,2,6:58,5:27,1:31
10/25/2024,2024-10-25 - Team H at Team G,Team H,18,1,1,20:00,18:30,1:30
10/25/2024,2024-10-25 - Team H at Team G,Team G,18,14,2,8:09,6:39,1:30
10/25/2024,2024-10-25 - Team H at Team G,Team G,54,24,3,3:59,2:30,1:29
10/25/2024,2024-10-25 - Team H at Team G,Team H,37,19,3,17:34,16:05,1:29
10/25/2024,2024-10-25 - Team H at Team G,Team H,41,17,3,17:34,16:05,1:29
10/25/2024,2024-10-25 - Team H at Team G,Team H,19,7,2,15:05,13:37,1:28
10/25/2024,2024-10-25 - Team H at Team G,Team H,13,1,1,20:00,18:33,1:27
10/25/2024,2024-10-25 - Team H at Team G,Team H,37,25,3,1:27,0:00,1:27
10/25/2024,2024-10-25 - Team H at Team G,Team H,26,17,3,10:19,8:52,1:27
10/25/2024,2024-10-25 - Team H at Team G,Team H,13,15,3,10:19,8:52,1:27
10/25/2024,2024-10-25 - Team H at Team G,Team G,39,7,1,4:26,3:00,1:26
10/25/2024,2024-10-25 - Team H at Team G,Team G,63,7,1,4:26,3:00,1:26
10/25/2024,2024-10-25 - Team H at Team G,Team G,18,7,1,4:26,3:00,1:26
10/25/2024,2024-10-25 - Team H at Team G,Team G,59,6,1,4:26,3:00,1:26
10/25/2024,2024-10-25 - Team H at Team G,Team G,48,7,1,4:26,3:00,1:26
10/25/2024,2024-10-25 - Team H at Team G,Team H,2,1,1,20:00,18:35,1:25
10/25/2024,2024-10-25 - Team H at Team G,Team H,25,12,3,11:39,10:15,1:24
10/25/2024,2024-10-25 - Team H at Team G,Team G,83,11,2,5:40,4:16,1:24
10/25/2024,2024-10-25 - Team H at Team G,Team G,39,15,2,8:09,6:46,1:23
10/25/2024,2024-10-25 - Team H at Team G,Team H,19,11,2,2:55,1:32,1:23
10/25/2024,2024-10-25 - Team H at Team G,Team H,2,22,3,15:06,13:43,1:23
10/25/2024,2024-10-25 - Team H at Team G,Team H,26,1,1,20:00,18:38,1:22
10/25/2024,2024-10-25 - Team H at Team G,Team H,2,13,2,15:05,13:43,1:22
10/25/2024,2024-10-25 - Team H at Team G,Team H,3,13,2,15:05,13:43,1:22
10/25/2024,2024-10-25 - Team H at Team G,Team H,37,10,2,17:47,16:26,1:21
10/25/2024,2024-10-25 - Team H at Team G,Team H,41,9,2,17:47,16:26,1:21
10/25/2024,2024-10-25 - Team H at Team G,Team H,12,8,2,17:47,16:26,1:21
10/25/2024,2024-10-25 - Team H at Team G,Team H,18,9,2,16:26,15:05,1:21
10/25/2024,2024-10-25 - Team H at Team G,Team H,26,9,2,16:26,15:05,1:21
10/25/2024,2024-10-25 - Team H at Team G,Team H,13,9,2,16:26,15:05,1:21
10/25/2024,2024-10-25 - Team H at Team G,Team H,5,9,2,16:26,15:05,1:21
10/25/2024,2024-10-25 - Team H at Team G,Team H,4,10,2,16:26,15:05,1:21
10/25/2024,2024-10-25 - Team H at Team G,Team G,48,13,2,8:32,7:11,1:21
10/25/2024,2024-10-25 - Team H at Team G,Team G,59,2,1,15:58,14:37,1:21
10/25/2024,2024-10-25 - Team H at Team G,Team H,28,15,3,11:39,10:19,1:20
10/25/2024,2024-10-25 - Team H at Team G,Team H,17,15,3,11:39,10:19,1:20
10/25/2024,2024-10-25 - Team H at Team G,Team G,25,26,3,3:46,2:26,1:20
10/25/2024,2024-10-25 - Team H at Team G,Team G,51,26,3,3:46,2:26,1:20
10/25/2024,2024-10-25 - Team H at Team G,Team G,84,22,3,3:46,2:26,1:20
10/25/2024,2024-10-25 - Team H at Team G,Team H,37,24,3,3:34,2:14,1:20
10/25/2024,2024-10-25 - Team H at Team G,Team H,41,11,2,11:53,10:33,1:20
10/25/2024,2024-10-25 - Team H at Team G,Team H,25,4,1,5:57,4:38,1:19
10/25/2024,2024-10-25 - Team H at Team G,Team G,84,10,2,14:46,13:27,1:19
10/25/2024,2024-10-25 - Team H at Team G,Team H,25,3,1,8:54,7:36,1:18
10/25/2024,2024-10-25 - Team H at Team G,Team G,59,18,3,9:30,8:13,1:17
10/25/2024,2024-10-25 - Team H at Team G,Team G,48,21,3,9:30,8:13,1:17
10/25/2024,2024-10-25 - Team H at Team G,Team H,17,18,3,5:07,3:50,1:17
10/25/2024,2024-10-25 - Team H at Team G,Team G,63,14,2,3:16,1:59,1:17
10/25/2024,2024-10-25 - Team H at Team G,Team H,11,8,2,6:38,5:22,1:16
10/25/2024,2024-10-25 - Team H at Team G,Team H,12,13,2,6:38,5:22,1:16
10/25/2024,2024-10-25 - Team H at Team G,Team H,3,18,2,6:38,5:22,1:16
10/25/2024,2024-10-25 - Team H at Team G,Team H,2,18,2,6:38,5:22,1:16
10/25/2024,2024-10-25 - Team H at Team G,Team H,41,21,3,4:50,3:34,1:16
10/25/2024,2024-10-25 - Team H at Team G,Team H,22,4,1,8:54,7:38,1:16
10/25/2024,2024-10-25 - Team H at Team G,Team H,3,1,1,20:00,18:45,1:15
10/25/2024,2024-10-25 - Team H at Team G,Team G,39,20,3,9:12,7:57,1:15
10/25/2024,2024-10-25 - Team H at Team G,Team H,2,8,1,5:57,4:42,1:15
10/25/2024,2024-10-25 - Team H at Team G,Team H,22,5,1,5:56,4:42,1:14
10/25/2024,2024-10-25 - Team H at Team G,Team G,21,6,1,3:00,1:46,1:14
10/25/2024,2024-10-25 - Team H at Team G,Team H,37,23,3,5:07,3:53,1:14
10/25/2024,2024-10-25 - Team H at Team G,Team H,12,4,1,8:51,7:38,1:13
10/25/2024,2024-10-25 - Team H at Team G,Team G,51,13,2,11:26,10:13,1:13
10/25/2024,2024-10-25 - Team H at Team G,Team G,54,16,2,4:29,3:16,1:13
10/25/2024,2024-10-25 - Team H at Team G,Team G,84,8,2,19:27,18:14,1:13
10/25/2024,2024-10-25 - Team H at Team G,Team G,21,23,3,3:15,2:03,1:12
10/25/2024,2024-10-25 - Team H at Team G,Team H,4,21,3,8:52,7:41,1:11
10/25/2024,2024-10-25 - Team H at Team G,Team H,5,21,3,8:52,7:41,1:11
10/25/2024,2024-10-25 - Team H at Team G,Team G,23,10,2,14:38,13:27,1:11
10/25/2024,2024-10-25 - Team H at Team G,Team G,21,13,2,8:09,6:58,1:11
10/25/2024,2024-10-25 - Team H at Team G,Team G,14,15,2,1:10,0:00,1:10
10/25/2024,2024-10-25 - Team H at Team G,Team H,12,6,1,1:46,0:36,1:10
10/25/2024,2024-10-25 - Team H at Team G,Team G,63,10,2,13:27,12:17,1:10
10/25/2024,2024-10-25 - Team H at Team G,Team G,51,10,2,19:24,18:14,1:10
10/25/2024,2024-10-25 - Team H at Team G,Team G,54,11,2,14:37,13:27,1:10
10/25/2024,2024-10-25 - Team H at Team G,Team G,21,20,3,10:58,9:48,1:10
10/25/2024,2024-10-25 - Team H at Team G,Team H,2,24,3,10:02,8:52,1:10
10/25/2024,2024-10-25 - Team H at Team G,Team H,3,24,3,10:02,8:52,1:10
10/25/2024,2024-10-25 - Team H at Team G,Team G,84,16,3,19:28,18:19,1:09
10/25/2024,2024-10-25 - Team H at Team G,Team G,23,17,3,19:21,18:12,1:09
10/25/2024,2024-10-25 - Team H at Team G,Team G,59,4,1,8:57,7:48,1:09
10/25/2024,2024-10-25 - Team H at Team G,Team G,84,7,1,5:52,4:43,1:09
10/25/2024,2024-10-25 - Team H at Team G,Team H,12,21,3,3:34,2:25,1:09
10/25/2024,2024-10-25 - Team H at Team G,Team H,22,20,3,3:34,2:25,1:09
10/25/2024,2024-10-25 - Team H at Team G,Team H,18,19,3,3:34,2:25,1:09
10/25/2024,2024-10-25 - Team H at Team G,Team H,25,1,1,18:30,17:22,1:08
10/25/2024,2024-10-25 - Team H at Team G,Team H,28,7,2,15:05,13:57,1:08
10/25/2024,2024-10-25 - Team H at Team G,Team H,17,7,2,15:05,13:57,1:08
10/25/2024,2024-10-25 - Team H at Team G,Team H,22,15,3,17:11,16:03,1:08
10/25/2024,2024-10-25 - Team H at Team G,Team H,12,16,3,17:08,16:00,1:08
10/25/2024,2024-10-25 - Team H at Team G,Team H,19,2,1,14:30,13:22,1:08
10/25/2024,2024-10-25 - Team H at Team G,Team G,48,11,2,12:17,11:09,1:08
10/25/2024,2024-10-25 - Team H at Team G,Team G,18,11,2,12:17,11:09,1:08
10/25/2024,2024-10-25 - Team H at Team G,Team G,51,15,2,5:22,4:14,1:08
10/25/2024,2024-10-25 - Team H at Team G,Team G,25,16,2,5:22,4:14,1:08
10/25/2024,2024-10-25 - Team H at Team G,Team H,28,12,2,2:49,1:42,1:07
10/25/2024,2024-10-25 - Team H at Team G,Team H,18,18,3,5:53,4:46,1:07
10/25/2024,2024-10-25 - Team H at Team G,Team H,12,20,3,5:53,4:46,1:07
10/25/2024,2024-10-25 - Team H at Team G,Team H,12,5,1,5:44,4:38,1:06
10/25/2024,2024-10-25 - Team H at Team G,Team H,3,8,1,5:44,4:38,1:06
10/25/2024,2024-10-25 - Team H at Team G,Team G,54,15,2,6:46,5:40,1:06
10/25/2024,2024-10-25 - Team H at Team G,Team H,5,2,1,15:30,14:25,1:05
10/25/2024,2024-10-25 - Team H at Team G,Team G,39,18,3,15:21,14:16,1:05
10/25/2024,2024-10-25 - Team H at Team G,Team G,83,16,3,10:58,9:53,1:05
10/25/2024,2024-10-25 - Team H at Team G,Team H,17,3,1,11:42,10:38,1:04
10/25/2024,2024-10-25 - Team H at Team G,Team G,4,9,1,5:52,4:48,1:04
10/25/2024,2024-10-25 - Team H at Team G,Team G,25,23,3,10:58,9:54,1:04
10/25/2024,2024-10-25 - Team H at Team G,Team G,14,10,2,16:26,15:22,1:04
10/25/2024,2024-10-25 - Team H at Team G,Team H,26,6,1,4:03,3:00,1:03
10/25/2024,2024-10-25 - Team H at Team G,Team H,18,6,1,4:03,3:00,1:03
10/25/2024,2024-10-25 - Team H at Team G,Team H,5,7,1,4:03,3:00,1:03
10/25/2024,2024-10-25 - Team H at Team G,Team H,4,7,1,4:03,3:00,1:03
10/25/2024,2024-10-25 - Team H at Team G,Team G,14,20,3,10:58,9:55,1:03
10/25/2024,2024-10-25 - Team H at Team G,Team H,5,22,3,5:53,4:50,1:03
10/25/2024,2024-10-25 - Team H at Team G,Team G,54,2,1,16:29,15:26,1:03
10/25/2024,2024-10-25 - Team H at Team G,Team H,14,3,1,9:57,8:54,1:03
10/25/2024,2024-10-25 - Team H at Team G,Team H,18,15,3,17:08,16:05,1:03
10/25/2024,2024-10-25 - Team H at Team G,Team G,54,18,3,19:21,18:19,1:02
10/25/2024,2024-10-25 - Team H at Team G,Team G,51,19,3,19:21,18:19,1:02
10/25/2024,2024-10-25 - Team H at Team G,Team G,25,19,3,19:21,18:19,1:02
10/25/2024,2024-10-25 - Team H at Team G,Team G,25,5,1,9:59,8:57,1:02
10/25/2024,2024-10-25 - Team H at Team G,Team G,39,8,1,1:46,0:44,1:02
10/25/2024,2024-10-25 - Team H at Team G,Team H,37,8,1,1:38,0:36,1:02
10/25/2024,2024-10-25 - Team H at Team G,Team G,48,10,2,14:55,13:53,1:02
10/25/2024,2024-10-25 - Team H at Team G,Team G,54,12,2,13:19,12:17,1:02
10/25/2024,2024-10-25 - Team H at Team G,Team G,84,11,2,13:19,12:17,1:02
10/25/2024,2024-10-25 - Team H at Team G,Team G,23,11,2,13:19,12:17,1:02
10/25/2024,2024-10-25 - Team H at Team G,Team G,83,15,3,13:16,12:14,1:02
10/25/2024,2024-10-25 - Team H at Team G,Team H,18,11,2,9:57,8:55,1:02
10/25/2024,2024-10-25 - Team H at Team G,Team H,26,11,2,9:57,8:55,1:02
10/25/2024,2024-10-25 - Team H at Team G,Team H,13,10,2,9:57,8:55,1:02
10/25/2024,2024-10-25 - Team H at Team G,Team G,63,18,3,14:18,13:16,1:02
10/25/2024,2024-10-25 - Team H at Team G,Team H,25,2,1,15:25,14:24,1:01
10/25/2024,2024-10-25 - Team H at Team G,Team G,25,9,1,1:46,0:45,1:01
10/25/2024,2024-10-25 - Team H at Team G,Team G,51,9,1,1:46,0:45,1:01
10/25/2024,2024-10-25 - Team H at Team G,Team H,41,15,2,1:01,0:00,1:01
10/25/2024,2024-10-25 - Team H at Team G,Team H,12,2,1,15:31,14:30,1:01
10/25/2024,2024-10-25 - Team H at Team G,Team G,83,3,1,14:37,13:36,1:01
10/25/2024,2024-10-25 - Team H at Team G,Team H,26,8,2,19:20,18:19,1:01
10/25/2024,2024-10-25 - Team H at Team G,Team H,18,8,2,19:20,18:19,1:01
10/25/2024,2024-10-25 - Team H at Team G,Team G,23,8,2,19:20,18:19,1:01
10/25/2024,2024-10-25 - Team H at Team G,Team G,23,7,1,5:44,4:43,1:01
10/25/2024,2024-10-25 - Team H at Team G,Team G,14,14,2,5:29,4:29,1:00
10/25/2024,2024-10-25 - Team H at Team G,Team H,18,13,2,5:22,4:22,1:00
10/25/2024,2024-10-25 - Team H at Team G,Team H,4,1,1,18:03,17:03,1:00
10/25/2024,2024-10-25 - Team H at Team G,Team G,54,5,1,10:38,9:38,1:00
10/25/2024,2024-10-25 - Team H at Team G,Team G,55,5,1,10:38,9:38,1:00
10/25/2024,2024-10-25 - Team H at Team G,Team G,84,18,3,14:16,13:16,1:00
10/25/2024,2024-10-25 - Team H at Team G,Team G,54,20,3,14:16,13:16,1:00
10/25/2024,2024-10-25 - Team H at Team G,Team G,23,19,3,14:16,13:16,1:00
10/25/2024,2024-10-25 - Team H at Team G,Team G,39,12,2,12:17,11:17,1:00
10/25/2024,2024-10-25 - Team H at Team G,Team G,56,7,2,2:07,1:07,1:00
10/25/2024,2024-10-25 - Team H at Team G,Team G,17,2,1,9:52,8:52,1:00
10/25/2024,2024-10-25 - Team H at Team G,Team H,13,13,3,16:05,15:06,0:59
10/25/2024,2024-10-25 - Team H at Team G,Team H,5,18,3,16:05,15:06,0:59
10/25/2024,2024-10-25 - Team H at Team G,Team H,4,18,3,16:05,15:06,0:59
10/25/2024,2024-10-25 - Team H at Team G,Team G,55,21,3,7:25,6:26,0:59
10/25/2024,2024-10-25 - Team H at Team G,Team G,21,14,2,5:27,4:28,0:59
10/25/2024,2024-10-25 - Team H at Team G,Team G,23,2,1,16:29,15:30,0:59
10/25/2024,2024-10-25 - Team H at Team G,Team G,21,3,1,14:43,13:44,0:59
10/25/2024,2024-10-25 - Team H at Team G,Team H,2,3,1,14:43,13:44,0:59
10/25/2024,2024-10-25 - Team H at Team G,Team G,54,19,3,16:20,15:21,0:59
10/25/2024,2024-10-25 - Team H at Team G,Team G,84,17,3,16:20,15:21,0:59
10/25/2024,2024-10-25 - Team H at Team G,Team G,23,18,3,16:20,15:21,0:59
10/25/2024,2024-10-25 - Team H at Team G,Team G,21,11,2,12:17,11:18,0:59
10/25/2024,2024-10-25 - Team H at Team G,Team G,63,20,3,9:12,8:13,0:59
10/25/2024,2024-10-25 - Team H at Team G,Team G,18,21,3,9:12,8:13,0:59
10/25/2024,2024-10-25 - Team H at Team G,Team H,14,9,3,18:07,17:08,0:59
10/25/2024,2024-10-25 - Team H at Team G,Team H,11,10,3,18:07,17:08,0:59
10/25/2024,2024-10-25 - Team H at Team G,Team G,55,6,1,8:16,7:18,0:58
10/25/2024,2024-10-25 - Team H at Team G,Team G,14,5,1,8:13,7:15,0:58
10/25/2024,2024-10-25 - Team H at Team G,Team G,54,7,1,5:44,4:46,0:58
10/25/2024,2024-10-25 - Team H at Team G,Team H,22,1,1,18:38,17:40,0:58
10/25/2024,2024-10-25 - Team H at Team G,Team H,5,1,1,18:03,17:05,0:58
10/25/2024,2024-10-25 - Team H at Team G,Team G,21,15,2,1:10,0:13,0:57
10/25/2024,2024-10-25 - Team H at Team G,Team H,26,15,3,16:03,15:06,0:57
10/25/2024,2024-10-25 - Team H at Team G,Team H,17,12,2,2:39,1:42,0:57
10/25/2024,2024-10-25 - Team H at Team G,Team H,2,19,2,2:39,1:42,0:57
10/25/2024,2024-10-25 - Team H at Team G,Team H,3,19,2,2:39,1:42,0:57
10/25/2024,2024-10-25 - Team H at Team G,Team G,39,3,1,13:08,12:11,0:57
10/25/2024,2024-10-25 - Team H at Team G,Team H,14,10,3,8:38,7:41,0:57
10/25/2024,2024-10-25 - Team H at Team G,Team G,48,16,2,1:10,0:14,0:56
10/25/2024,2024-10-25 - Team H at Team G,Team G,25,14,2,11:09,10:13,0:56
10/25/2024,2024-10-25 - Team H at Team G,Team G,23,15,2,4:16,3:20,0:56
10/25/2024,2024-10-25 - Team H at Team G,Team H,10,12,3,18:07,17:11,0:56
10/25/2024,2024-10-25 - Team H at Team G,Team H,28,17,3,4:46,3:50,0:56
10/25/2024,2024-10-25 - Team H at Team G,Team H,25,14,3,4:46,3:50,0:56
10/25/2024,2024-10-25 - Team H at Team G,Team H,11,13,3,8:52,7:57,0:55
10/25/2024,2024-10-25 - Team H at Team G,Team G,4,6,1,12:11,11:16,0:55
10/25/2024,2024-10-25 - Team H at Team G,Team G,54,4,1,12:11,11:16,0:55
10/25/2024,2024-10-25 - Team H at Team G,Team G,23,4,1,12:11,11:16,0:55
10/25/2024,2024-10-25 - Team H at Team G,Team G,55,7,1,6:02,5:07,0:55
10/25/2024,2024-10-25 - Team H at Team G,Team G,21,10,2,16:26,15:31,0:55
10/25/2024,2024-10-25 - Team H at Team G,Team G,83,9,2,16:26,15:31,0:55
10/25/2024,2024-10-25 - Team H at Team G,Team G,51,11,2,16:26,15:31,0:55
10/25/2024,2024-10-25 - Team H at Team G,Team G,25,12,2,16:26,15:31,0:55
10/25/2024,2024-10-25 - Team H at Team G,Team G,48,19,3,15:06,14:11,0:55
10/25/2024,2024-10-25 - Team H at Team G,Team H,19,13,3,16:00,15:06,0:54
10/25/2024,2024-10-25 - Team H at Team G,Team H,5,5,1,8:06,7:12,0:54
10/25/2024,2024-10-25 - Team H at Team G,Team H,37,22,3,7:41,6:47,0:54
10/25/2024,2024-10-25 - Team H at Team G,Team H,41,20,3,7:41,6:47,0:54
10/25/2024,2024-10-25 - Team H at Team G,Team G,4,3,1,16:27,15:33,0:54
10/25/2024,2024-10-25 - Team H at Team G,Team H,11,3,1,9:45,8:51,0:54
10/25/2024,2024-10-25 - Team H at Team G,Team G,90,4,2,15:31,14:37,0:54
10/25/2024,2024-10-25 - Team H at Team G,Team H,10,8,2,12:47,11:53,0:54
10/25/2024,2024-10-25 - Team H at Team G,Team H,3,14,2,12:47,11:53,0:54
10/25/2024,2024-10-25 - Team H at Team G,Team H,26,18,3,6:47,5:53,0:54
10/25/2024,2024-10-25 - Team H at Team G,Team H,13,16,3,6:47,5:53,0:54
10/25/2024,2024-10-25 - Team H at Team G,Team H,19,16,3,6:47,5:53,0:54
10/25/2024,2024-10-25 - Team H at Team G,Team H,3,25,3,6:47,5:53,0:54
10/25/2024,2024-10-25 - Team H at Team G,Team H,2,25,3,6:47,5:53,0:54
10/25/2024,2024-10-25 - Team H at Team G,Team H,5,11,2,11:53,10:59,0:54
10/25/2024,2024-10-25 - Team H at Team G,Team G,83,12,2,1:07,0:14,0:53
10/25/2024,2024-10-25 - Team H at Team G,Team G,48,15,2,3:39,2:46,0:53
10/25/2024,2024-10-25 - Team H at Team G,Team H,5,15,2,3:32,2:39,0:53
10/25/2024,2024-10-25 - Team H at Team G,Team H,22,13,2,3:32,2:39,0:53
10/25/2024,2024-10-25 - Team H at Team G,Team H,17,2,1,14:37,13:44,0:53
10/25/2024,2024-10-25 - Team H at Team G,Team H,26,4,1,10:38,9:45,0:53
10/25/2024,2024-10-25 - Team H at Team G,Team H,13,4,1,10:38,9:45,0:53
10/25/2024,2024-10-25 - Team H at Team G,Team H,4,4,1,10:38,9:45,0:53
10/25/2024,2024-10-25 - Team H at Team G,Team H,5,4,1,10:38,9:45,0:53
10/25/2024,2024-10-25 - Team H at Team G,Team G,83,4,1,8:11,7:18,0:53
10/25/2024,2024-10-25 - Team H at Team G,Team G,21,5,1,8:11,7:18,0:53
10/25/2024,2024-10-25 - Team H at Team G,Team G,17,5,2,15:31,14:38,0:53
10/25/2024,2024-10-25 - Team H at Team G,Team H,26,16,3,13:16,12:23,0:53
10/25/2024,2024-10-25 - Team H at Team G,Team H,13,14,3,13:16,12:23,0:53
10/25/2024,2024-10-25 - Team H at Team G,Team H,2,23,3,13:16,12:23,0:53
10/25/2024,2024-10-25 - Team H at Team G,Team H,3,23,3,13:16,12:23,0:53
10/25/2024,2024-10-25 - Team H at Team G,Team G,25,1,1,19:20,18:27,0:53
10/25/2024,2024-10-25 - Team H at Team G,Team G,51,1,1,19:20,18:27,0:53
10/25/2024,2024-10-25 - Team H at Team G,Team G,84,2,1,16:19,15:26,0:53
10/25/2024,2024-10-25 - Team H at Team G,Team H,26,2,1,16:18,15:25,0:53
10/25/2024,2024-10-25 - Team H at Team G,Team G,48,2,1,15:33,14:40,0:53
10/25/2024,2024-10-25 - Team H at Team G,Team G,18,2,1,15:30,14:37,0:53
10/25/2024,2024-10-25 - Team H at Team G,Team G,56,2,1,9:48,8:55,0:53
10/25/2024,2024-10-25 - Team H at Team G,Team H,13,8,2,19:20,18:27,0:53
10/25/2024,2024-10-25 - Team H at Team G,Team G,14,3,1,14:37,13:45,0:52
10/25/2024,2024-10-25 - Team H at Team G,Team H,22,8,2,17:47,16:55,0:52
10/25/2024,2024-10-25 - Team H at Team G,Team H,2,14,2,12:45,11:53,0:52
10/25/2024,2024-10-25 - Team H at Team G,Team H,13,6,1,4:03,3:11,0:52
10/25/2024,2024-10-25 - Team H at Team G,Team H,12,1,1,18:33,17:41,0:52
10/25/2024,2024-10-25 - Team H at Team G,Team G,39,1,1,18:30,17:38,0:52
10/25/2024,2024-10-25 - Team H at Team G,Team H,11,1,1,17:03,16:11,0:52
10/25/2024,2024-10-25 - Team H at Team G,Team H,11,11,3,15:06,14:14,0:52
10/25/2024,2024-10-25 - Team H at Team G,Team G,55,19,3,12:35,11:43,0:52
10/25/2024,2024-10-25 - Team H at Team G,Team G,17,7,2,2:02,1:10,0:52
10/25/2024,2024-10-25 - Team H at Team G,Team G,84,4,1,12:11,11:20,0:51
10/25/2024,2024-10-25 - Team H at Team G,Team G,14,11,2,12:17,11:26,0:51
10/25/2024,2024-10-25 - Team H at Team G,Team G,48,23,3,4:37,3:46,0:51
10/25/2024,2024-10-25 - Team H at Team G,Team G,59,20,3,4:37,3:46,0:51
10/25/2024,2024-10-25 - Team H at Team G,Team G,18,1,1,18:30,17:39,0:51
10/25/2024,2024-10-25 - Team H at Team G,Team H,14,1,1,17:03,16:12,0:51
10/25/2024,2024-10-25 - Team H at Team G,Team H,10,3,1,9:45,8:54,0:51
10/25/2024,2024-10-25 - Team H at Team G,Team H,2,6,1,9:45,8:54,0:51
10/25/2024,2024-10-25 - Team H at Team G,Team H,3,6,1,9:45,8:54,0:51
10/25/2024,2024-10-25 - Team H at Team G,Team G,54,9,2,19:20,18:29,0:51
10/25/2024,2024-10-25 - Team H at Team G,Team H,3,22,3,15:06,14:15,0:51
10/25/2024,2024-10-25 - Team H at Team G,Team G,84,5,1,10:38,9:48,0:50
10/25/2024,2024-10-25 - Team H at Team G,Team G,48,8,2,18:14,17:24,0:50
10/25/2024,2024-10-25 - Team H at Team G,Team G,59,7,2,18:14,17:24,0:50
10/25/2024,2024-10-25 - Team H at Team G,Team G,18,23,3,4:36,3:46,0:50
10/25/2024,2024-10-25 - Team H at Team G,Team G,84,1,1,19:20,18:30,0:50
10/25/2024,2024-10-25 - Team H at Team G,Team G,23,1,1,19:20,18:30,0:50
10/25/2024,2024-10-25 - Team H at Team G,Team G,54,1,1,19:20,18:30,0:50
10/25/2024,2024-10-25 - Team H at Team G,Team G,14,13,2,8:09,7:19,0:50
10/25/2024,2024-10-25 - Team H at Team G,Team G,18,19,3,15:06,14:16,0:50
10/25/2024,2024-10-25 - Team H at Team G,Team G,21,18,3,15:06,14:16,0:50
10/25/2024,2024-10-25 - Team H at Team G,Team H,11,4,1,6:33,5:44,0:49
10/25/2024,2024-10-25 - Team H at Team G,Team H,4,6,1,6:33,5:44,0:49
10/25/2024,2024-10-25 - Team H at Team G,Team G,63,6,1,6:33,5:44,0:49
10/25/2024,2024-10-25 - Team H at Team G,Team G,18,6,1,6:33,5:44,0:49
10/25/2024,2024-10-25 - Team H at Team G,Team G,59,3,1,13:36,12:47,0:49
10/25/2024,2024-10-25 - Team H at Team G,Team G,54,10,2,17:47,16:58,0:49
10/25/2024,2024-10-25 - Team H at Team G,Team H,22,18,3,8:13,7:24,0:49
10/25/2024,2024-10-25 - Team H at Team G,Team H,12,3,1,12:11,11:22,0:49
10/25/2024,2024-10-25 - Team H at Team G,Team H,3,5,1,12:11,11:22,0:49
10/25/2024,2024-10-25 - Team H at Team G,Team H,2,5,1,12:11,11:22,0:49
10/25/2024,2024-10-25 - Team H at Team G,Team G,63,4,1,12:11,11:22,0:49
10/25/2024,2024-10-25 - Team H at Team G,Team H,41,2,1,16:19,15:30,0:49
10/25/2024,2024-10-25 - Team H at Team G,Team G,39,2,1,15:26,14:37,0:49
10/25/2024,2024-10-25 - Team H at Team G,Team G,54,3,1,13:45,12:56,0:49
10/25/2024,2024-10-25 - Team H at Team G,Team G,90,6,2,1:59,1:10,0:49
10/25/2024,2024-10-25 - Team H at Team G,Team G,25,17,2,2:46,1:57,0:49
10/25/2024,2024-10-25 - Team H at Team G,Team H,4,2,1,15:31,14:43,0:48
10/25/2024,2024-10-25 - Team H at Team G,Team H,22,2,1,15:25,14:37,0:48
10/25/2024,2024-10-25 - Team H at Team G,Team H,11,2,1,13:22,12:34,0:48
10/25/2024,2024-10-25 - Team H at Team G,Team H,37,5,1,8:54,8:06,0:48
10/25/2024,2024-10-25 - Team H at Team G,Team H,41,5,1,8:54,8:06,0:48
10/25/2024,2024-10-25 - Team H at Team G,Team H,11,6,2,12:38,11:50,0:48
10/25/2024,2024-10-25 - Team H at Team G,Team H,12,14,2,3:43,2:55,0:48
10/25/2024,2024-10-25 - Team H at Team G,Team H,2,20,3,20:00,19:12,0:48
10/25/2024,2024-10-25 - Team H at Team G,Team H,3,20,3,20:00,19:12,0:48
10/25/2024,2024-10-25 - Team H at Team G,Team H,10,13,3,15:06,14:18,0:48
10/25/2024,2024-10-25 - Team H at Team G,Team G,14,18,3,15:06,14:18,0:48
10/25/2024,2024-10-25 - Team H at Team G,Team G,23,21,3,8:13,7:25,0:48
10/25/2024,2024-10-25 - Team H at Team G,Team G,54,22,3,8:13,7:25,0:48
10/25/2024,2024-10-25 - Team H at Team G,Team G,51,24,3,8:13,7:25,0:48
10/25/2024,2024-10-25 - Team H at Team G,Team G,25,24,3,8:13,7:25,0:48
10/25/2024,2024-10-25 - Team H at Team G,Team G,54,23,3,5:53,5:05,0:48
10/25/2024,2024-10-25 - Team H at Team G,Team H,37,2,1,16:19,15:31,0:48
10/25/2024,2024-10-25 - Team H at Team G,Team H,37,20,3,14:15,13:27,0:48
10/25/2024,2024-10-25 - Team H at Team G,Team H,10,10,2,6:09,5:22,0:47
10/25/2024,2024-10-25 - Team H at Team G,Team H,4,23,3,2:14,1:27,0:47
10/25/2024,2024-10-25 - Team H at Team G,Team G,63,22,3,4:33,3:46,0:47
10/25/2024,2024-10-25 - Team H at Team G,Team H,18,2,1,16:12,15:25,0:47
10/25/2024,2024-10-25 - Team H at Team G,Team H,37,3,1,13:44,12:57,0:47
10/25/2024,2024-10-25 - Team H at Team G,Team H,41,3,1,13:44,12:57,0:47
10/25/2024,2024-10-25 - Team H at Team G,Team H,10,2,1,13:44,12:57,0:47
10/25/2024,2024-10-25 - Team H at Team G,Team H,14,2,1,13:44,12:57,0:47
10/25/2024,2024-10-25 - Team H at Team G,Team G,4,10,1,2:33,1:46,0:47
10/25/2024,2024-10-25 - Team H at Team G,Team G,55,8,1,2:33,1:46,0:47
10/25/2024,2024-10-25 - Team H at Team G,Team H,4,8,1,2:25,1:38,0:47
10/25/2024,2024-10-25 - Team H at Team G,Team G,84,15,2,4:28,3:41,0:47
10/25/2024,2024-10-25 - Team H at Team G,Team G,55,15,2,1:57,1:10,0:47
10/25/2024,2024-10-25 - Team H at Team G,Team G,63,21,3,6:47,6:00,0:47
10/25/2024,2024-10-25 - Team H at Team G,Team G,18,22,3,6:47,6:00,0:47
10/25/2024,2024-10-25 - Team H at Team G,Team G,14,22,3,5:23,4:36,0:47
10/25/2024,2024-10-25 - Team H at Team G,Team H,2,2,1,17:05,16:19,0:46
10/25/2024,2024-10-25 - Team H at Team G,Team H,18,3,1,12:57,12:11,0:46
10/25/2024,2024-10-25 - Team H at Team G,Team H,26,3,1,12:57,12:11,0:46
10/25/2024,2024-10-25 - Team H at Team G,Team G,23,5,1,10:38,9:52,0:46
10/25/2024,2024-10-25 - Team H at Team G,Team H,11,5,1,3:11,2:25,0:46
10/25/2024,2024-10-25 - Team H at Team G,Team G,90,2,1,9:38,8:52,0:46
10/25/2024,2024-10-25 - Team H at Team G,Team G,54,13,2,11:18,10:32,0:46
10/25/2024,2024-10-25 - Team H at Team G,Team G,83,14,3,17:06,16:20,0:46
10/25/2024,2024-10-25 - Team H at Team G,Team G,51,23,3,10:58,10:12,0:46
10/25/2024,2024-10-25 - Team H at Team G,Team H,22,19,3,5:53,5:07,0:46
10/25/2024,2024-10-25 - Team H at Team G,Team H,4,22,3,5:53,5:07,0:46
10/25/2024,2024-10-25 - Team H at Team G,Team G,48,14,2,6:07,5:22,0:45
10/25/2024,2024-10-25 - Team H at Team G,Team H,10,1,1,17:03,16:18,0:45
10/25/2024,2024-10-25 - Team H at Team G,Team G,63,3,1,12:56,12:11,0:45
10/25/2024,2024-10-25 - Team H at Team G,Team G,18,3,1,12:56,12:11,0:45
10/25/2024,2024-10-25 - Team H at Team G,Team G,84,12,2,11:17,10:32,0:45
10/25/2024,2024-10-25 - Team H at Team G,Team H,19,14,3,12:59,12:14,0:45
10/25/2024,2024-10-25 - Team H at Team G,Team G,54,21,3,11:43,10:58,0:45
10/25/2024,2024-10-25 - Team H at Team G,Team G,84,19,3,11:43,10:58,0:45
10/25/2024,2024-10-25 - Team H at Team G,Team G,23,20,3,11:43,10:58,0:45
10/25/2024,2024-10-25 - Team H at Team G,Team G,48,20,3,11:43,10:58,0:45
10/25/2024,2024-10-25 - Team H at Team G,Team G,59,17,3,11:43,10:58,0:45
10/25/2024,2024-10-25 - Team H at Team G,Team G,23,22,3,5:53,5:08,0:45
10/25/2024,2024-10-25 - Team H at Team G,Team G,4,11,1,0:45,0:00,0:45
10/25/2024,2024-10-25 - Team H at Team G,Team G,56,4,1,0:45,0:00,0:45
10/25/2024,2024-10-25 - Team H at Team G,Team G,25,25,3,6:00,5:15,0:45
10/25/2024,2024-10-25 - Team H at Team G,Team G,51,25,3,6:00,5:15,0:45
10/25/2024,2024-10-25 - Team H at Team G,Team G,54,6,1,7:18,6:33,0:45
10/25/2024,2024-10-25 - Team H at Team G,Team G,23,6,1,7:18,6:33,0:45
10/25/2024,2024-10-25 - Team H at Team G,Team G,51,6,1,7:18,6:33,0:45
10/25/2024,2024-10-25 - Team H at Team G,Team G,25,6,1,7:18,6:33,0:45
10/25/2024,2024-10-25 - Team H at Team G,Team G,90,1,1,17:47,17:03,0:44
10/25/2024,2024-10-25 - Team H at Team G,Team G,55,2,1,17:47,17:03,0:44
10/25/2024,2024-10-25 - Team H at Team G,Team G,4,2,1,17:47,17:03,0:44
10/25/2024,2024-10-25 - Team H at Team G,Team G,14,2,1,17:03,16:19,0:44
10/25/2024,2024-10-25 - Team H at Team G,Team H,3,2,1,17:03,16:19,0:44
10/25/2024,2024-10-25 - Team H at Team G,Team G,84,9,2,17:47,17:03,0:44
10/25/2024,2024-10-25 - Team H at Team G,Team G,59,9,2,14:37,13:53,0:44
10/25/2024,2024-10-25 - Team H at Team G,Team G,21,7,1,0:44,0:00,0:44
10/25/2024,2024-10-25 - Team H at Team G,Team G,21,4,1,11:22,10:38,0:44
10/25/2024,2024-10-25 - Team H at Team G,Team H,28,3,1,11:22,10:38,0:44
10/25/2024,2024-10-25 - Team H at Team G,Team H,41,4,1,11:22,10:38,0:44
10/25/2024,2024-10-25 - Team H at Team G,Team H,37,4,1,11:22,10:38,0:44
10/25/2024,2024-10-25 - Team H at Team G,Team H,5,20,3,12:23,11:39,0:44
10/25/2024,2024-10-25 - Team H at Team G,Team H,4,20,3,12:23,11:39,0:44
10/25/2024,2024-10-25 - Team H at Team G,Team G,59,14,2,1:10,0:27,0:43
10/25/2024,2024-10-25 - Team H at Team G,Team G,63,1,1,18:30,17:47,0:43
10/25/2024,2024-10-25 - Team H at Team G,Team G,63,2,1,15:26,14:43,0:43
10/25/2024,2024-10-25 - Team H at Team G,Team H,19,3,1,7:38,6:55,0:43
10/25/2024,2024-10-25 - Team H at Team G,Team H,17,4,1,7:38,6:55,0:43
10/25/2024,2024-10-25 - Team H at Team G,Team G,59,10,2,10:13,9:30,0:43
10/25/2024,2024-10-25 - Team H at Team G,Team H,17,11,2,7:21,6:38,0:43
10/25/2024,2024-10-25 - Team H at Team G,Team H,4,14,2,7:21,6:38,0:43
10/25/2024,2024-10-25 - Team H at Team G,Team H,5,14,2,7:21,6:38,0:43
10/25/2024,2024-10-25 - Team H at Team G,Team H,28,11,2,7:21,6:38,0:43
10/25/2024,2024-10-25 - Team H at Team G,Team G,56,10,3,9:55,9:12,0:43
10/25/2024,2024-10-25 - Team H at Team G,Team H,37,1,1,18:45,18:03,0:42
10/25/2024,2024-10-25 - Team H at Team G,Team G,39,5,1,8:55,8:13,0:42
10/25/2024,2024-10-25 - Team H at Team G,Team H,25,7,2,17:47,17:05,0:42
10/25/2024,2024-10-25 - Team H at Team G,Team G,23,9,2,17:47,17:05,0:42
10/25/2024,2024-10-25 - Team H at Team G,Team H,12,15,3,20:00,19:18,0:42
10/25/2024,2024-10-25 - Team H at Team G,Team G,56,8,3,17:41,16:59,0:42
10/25/2024,2024-10-25 - Team H at Team G,Team G,55,17,3,17:41,16:59,0:42
10/25/2024,2024-10-25 - Team H at Team G,Team G,55,20,3,10:12,9:30,0:42
10/25/2024,2024-10-25 - Team H at Team G,Team G,51,17,2,2:39,1:57,0:42
10/25/2024,2024-10-25 - Team H at Team G,Team G,14,4,1,11:20,10:38,0:42
10/25/2024,2024-10-25 - Team H at Team G,Team G,84,6,1,7:15,6:33,0:42
10/25/2024,2024-10-25 - Team H at Team G,Team G,63,8,2,18:29,17:47,0:42
10/25/2024,2024-10-25 - Team H at Team G,Team H,18,4,1,10:38,9:57,0:41
10/25/2024,2024-10-25 - Team H at Team G,Team G,51,5,1,9:38,8:57,0:41
10/25/2024,2024-10-25 - Team H at Team G,Team G,63,5,1,8:52,8:11,0:41
10/25/2024,2024-10-25 - Team H at Team G,Team G,18,5,1,8:52,8:11,0:41
10/25/2024,2024-10-25 - Team H at Team G,Team G,39,6,1,6:33,5:52,0:41
10/25/2024,2024-10-25 - Team H at Team G,Team G,48,6,1,6:33,5:52,0:41
10/25/2024,2024-10-25 - Team H at Team G,Team H,12,10,2,13:19,12:38,0:41
10/25/2024,2024-10-25 - Team H at Team G,Team G,21,19,3,13:16,12:35,0:41
10/25/2024,2024-10-25 - Team H at Team G,Team G,14,19,3,13:16,12:35,0:41
10/25/2024,2024-10-25 - Team H at Team G,Team G,51,22,3,13:16,12:35,0:41
10/25/2024,2024-10-25 - Team H at Team G,Team G,25,22,3,13:16,12:35,0:41
10/25/2024,2024-10-25 - Team H at Team G,Team G,18,15,2,3:20,2:39,0:41
10/25/2024,2024-10-25 - Team H at Team G,Team G,25,7,1,5:07,4:26,0:41
10/25/2024,2024-10-25 - Team H at Team G,Team G,90,9,3,9:53,9:12,0:41
10/25/2024,2024-10-25 - Team H at Team G,Team H,3,3,1,14:25,13:44,0:41
10/25/2024,2024-10-25 - Team H at Team G,Team G,48,5,1,8:57,8:16,0:41
10/25/2024,2024-10-25 - Team H at Team G,Team H,4,16,2,1:42,1:01,0:41
10/25/2024,2024-10-25 - Team H at Team G,Team H,28,4,1,7:36,6:55,0:41
10/25/2024,2024-10-25 - Team H at Team G,Team H,2,7,1,7:36,6:55,0:41
10/25/2024,2024-10-25 - Team H at Team G,Team G,25,11,2,19:20,18:40,0:40
10/25/2024,2024-10-25 - Team H at Team G,Team G,55,1,1,20:00,19:20,0:40
10/25/2024,2024-10-25 - Team H at Team G,Team G,4,1,1,20:00,19:20,0:40
10/25/2024,2024-10-25 - Team H at Team G,Team G,14,1,1,20:00,19:20,0:40
10/25/2024,2024-10-25 - Team H at Team G,Team G,21,1,1,20:00,19:20,0:40
10/25/2024,2024-10-25 - Team H at Team G,Team G,83,1,1,20:00,19:20,0:40
10/25/2024,2024-10-25 - Team H at Team G,Team H,12,7,2,20:00,19:20,0:40
10/25/2024,2024-10-25 - Team H at Team G,Team H,22,7,2,20:00,19:20,0:40
10/25/2024,2024-10-25 - Team H at Team G,Team H,25,6,2,20:00,19:20,0:40
10/25/2024,2024-10-25 - Team H at Team G,Team H,3,11,2,20:00,19:20,0:40
10/25/2024,2024-10-25 - Team H at Team G,Team H,2,11,2,20:00,19:20,0:40
10/25/2024,2024-10-25 - Team H at Team G,Team G,21,8,2,20:00,19:20,0:40
10/25/2024,2024-10-25 - Team H at Team G,Team G,83,7,2,20:00,19:20,0:40
10/25/2024,2024-10-25 - Team H at Team G,Team G,4,12,2,20:00,19:20,0:40
10/25/2024,2024-10-25 - Team H at Team G,Team G,25,27,3,0:40,0:00,0:40
10/25/2024,2024-10-25 - Team H at Team G,Team G,23,3,1,13:36,12:56,0:40
10/25/2024,2024-10-25 - Team H at Team G,Team G,59,1,1,18:27,17:47,0:40
10/25/2024,2024-10-25 - Team H at Team G,Team G,48,1,1,18:27,17:47,0:40
10/25/2024,2024-10-25 - Team H at Team G,Team H,13,2,1,16:11,15:31,0:40
10/25/2024,2024-10-25 - Team H at Team G,Team H,5,8,2,18:54,18:14,0:40
10/25/2024,2024-10-25 - Team H at Team G,Team H,19,6,2,18:27,17:47,0:40
10/25/2024,2024-10-25 - Team H at Team G,Team H,28,2,1,14:24,13:44,0:40
10/25/2024,2024-10-25 - Team H at Team G,Team H,14,6,2,17:05,16:26,0:39
10/25/2024,2024-10-25 - Team H at Team G,Team G,21,16,3,20:00,19:21,0:39
10/25/2024,2024-10-25 - Team H at Team G,Team G,83,13,3,20:00,19:21,0:39
10/25/2024,2024-10-25 - Team H at Team G,Team H,22,14,3,20:00,19:21,0:39
10/25/2024,2024-10-25 - Team H at Team G,Team H,18,14,3,20:00,19:21,0:39
10/25/2024,2024-10-25 - Team H at Team G,Team G,55,16,3,20:00,19:21,0:39
10/25/2024,2024-10-25 - Team H at Team G,Team G,21,17,3,16:59,16:20,0:39
10/25/2024,2024-10-25 - Team H at Team G,Team G,14,17,3,16:59,16:20,0:39
10/25/2024,2024-10-25 - Team H at Team G,Team G,25,20,3,16:59,16:20,0:39
10/25/2024,2024-10-25 - Team H at Team G,Team H,17,16,3,8:52,8:13,0:39
10/25/2024,2024-10-25 - Team H at Team G,Team H,17,5,1,4:42,4:03,0:39
10/25/2024,2024-10-25 - Team H at Team G,Team H,37,7,1,4:42,4:03,0:39
10/25/2024,2024-10-25 - Team H at Team G,Team G,59,13,2,3:25,2:46,0:39
10/25/2024,2024-10-25 - Team H at Team G,Team G,4,7,1,10:38,9:59,0:39
10/25/2024,2024-10-25 - Team H at Team G,Team G,23,14,2,6:39,6:00,0:39
10/25/2024,2024-10-25 - Team H at Team G,Team G,54,8,1,2:25,1:46,0:39
10/25/2024,2024-10-25 - Team H at Team G,Team H,25,5,1,2:25,1:46,0:39
10/25/2024,2024-10-25 - Team H at Team G,Team H,10,6,1,2:25,1:46,0:39
10/25/2024,2024-10-25 - Team H at Team G,Team H,19,5,1,2:25,1:46,0:39
10/25/2024,2024-10-25 - Team H at Team G,Team H,13,7,1,2:25,1:46,0:39
10/25/2024,2024-10-25 - Team H at Team G,Team H,19,1,1,17:41,17:03,0:38
10/25/2024,2024-10-25 - Team H at Team G,Team H,26,14,3,19:21,18:43,0:38
10/25/2024,2024-10-25 - Team H at Team G,Team H,13,12,3,19:21,18:43,0:38
10/25/2024,2024-10-25 - Team H at Team G,Team G,83,17,3,7:25,6:47,0:38
10/25/2024,2024-10-25 - Team H at Team G,Team G,21,21,3,7:25,6:47,0:38
10/25/2024,2024-10-25 - Team H at Team G,Team G,14,21,3,7:25,6:47,0:38
10/25/2024,2024-10-25 - Team H at Team G,Team G,59,12,2,6:00,5:22,0:38
10/25/2024,2024-10-25 - Team H at Team G,Team G,55,22,3,5:15,4:37,0:38
10/25/2024,2024-10-25 - Team H at Team G,Team G,18,12,2,9:57,9:19,0:38
10/25/2024,2024-10-25 - Team H at Team G,Team G,63,11,2,9:57,9:19,0:38
10/25/2024,2024-10-25 - Team H at Team G,Team G,39,13,2,9:57,9:19,0:38
10/25/2024,2024-10-25 - Team H at Team G,Team G,48,4,1,11:16,10:38,0:38
10/25/2024,2024-10-25 - Team H at Team G,Team G,39,4,1,11:16,10:38,0:38
10/25/2024,2024-10-25 - Team H at Team G,Team G,18,4,1,11:16,10:38,0:38
10/25/2024,2024-10-25 - Team H at Team G,Team H,25,8,2,13:57,13:19,0:38
10/25/2024,2024-10-25 - Team H at Team G,Team H,22,9,2,13:57,13:19,0:38
10/25/2024,2024-10-25 - Team H at Team G,Team G,39,17,3,18:19,17:41,0:38
10/25/2024,2024-10-25 - Team H at Team G,Team G,63,15,3,18:19,17:41,0:38
10/25/2024,2024-10-25 - Team H at Team G,Team G,59,15,3,18:19,17:41,0:38
10/25/2024,2024-10-25 - Team H at Team G,Team G,48,17,3,18:19,17:41,0:38
10/25/2024,2024-10-25 - Team H at Team G,Team H,14,4,1,6:33,5:56,0:37
10/25/2024,2024-10-25 - Team H at Team G,Team H,17,1,1,17:40,17:03,0:37
10/25/2024,2024-10-25 - Team H at Team G,Team G,55,4,1,14:13,13:36,0:37
10/25/2024,2024-10-25 - Team H at Team G,Team G,23,12,2,11:09,10:32,0:37
10/25/2024,2024-10-25 - Team H at Team G,Team H,25,13,3,7:24,6:47,0:37
10/25/2024,2024-10-25 - Team H at Team G,Team H,28,16,3,7:24,6:47,0:37
10/25/2024,2024-10-25 - Team H at Team G,Team H,17,17,3,7:24,6:47,0:37
10/25/2024,2024-10-25 - Team H at Team G,Team G,18,16,2,2:39,2:02,0:37
10/25/2024,2024-10-25 - Team H at Team G,Team G,39,22,3,4:36,3:59,0:37
10/25/2024,2024-10-25 - Team H at Team G,Team G,39,21,3,6:47,6:10,0:37
10/25/2024,2024-10-25 - Team H at Team G,Team G,17,1,1,17:39,17:03,0:36
10/25/2024,2024-10-25 - Team H at Team G,Team G,25,2,1,17:03,16:27,0:36
10/25/2024,2024-10-25 - Team H at Team G,Team G,51,2,1,17:03,16:27,0:36
10/25/2024,2024-10-25 - Team H at Team G,Team G,51,3,1,14:37,14:01,0:36
10/25/2024,2024-10-25 - Team H at Team G,Team G,84,3,1,13:44,13:08,0:36
10/25/2024,2024-10-25 - Team H at Team G,Team H,5,6,1,6:33,5:57,0:36
10/25/2024,2024-10-25 - Team H at Team G,Team H,10,4,1,6:33,5:57,0:36
10/25/2024,2024-10-25 - Team H at Team G,Team G,55,10,2,20:00,19:24,0:36
10/25/2024,2024-10-25 - Team H at Team G,Team G,55,12,2,15:31,14:55,0:36
10/25/2024,2024-10-25 - Team H at Team G,Team G,56,5,2,15:22,14:46,0:36
10/25/2024,2024-10-25 - Team H at Team G,Team H,2,15,2,10:33,9:57,0:36
10/25/2024,2024-10-25 - Team H at Team G,Team H,4,17,3,18:43,18:07,0:36
10/25/2024,2024-10-25 - Team H at Team G,Team H,5,17,3,18:43,18:07,0:36
10/25/2024,2024-10-25 - Team H at Team G,Team H,17,13,3,18:43,18:07,0:36
10/25/2024,2024-10-25 - Team H at Team G,Team H,25,11,3,18:43,18:07,0:36
10/25/2024,2024-10-25 - Team H at Team G,Team H,28,13,3,18:43,18:07,0:36
10/25/2024,2024-10-25 - Team H at Team G,Team G,90,7,3,17:35,16:59,0:36
10/25/2024,2024-10-25 - Team H at Team G,Team G,83,6,1,1:21,0:45,0:36
10/25/2024,2024-10-25 - Team H at Team G,Team H,2,10,1,0:36,0:00,0:36
10/25/2024,2024-10-25 - Team H at Team G,Team H,3,10,1,0:36,0:00,0:36
10/25/2024,2024-10-25 - Team H at Team G,Team G,17,9,3,9:48,9:12,0:36
10/25/2024,2024-10-25 - Team H at Team G,Team G,25,4,1,12:47,12:11,0:36
10/25/2024,2024-10-25 - Team H at Team G,Team G,51,4,1,12:47,12:11,0:36
10/25/2024,2024-10-25 - Team H at Team G,Team G,55,18,3,15:57,15:21,0:36
10/25/2024,2024-10-25 - Team H at Team G,Team G,56,1,1,17:38,17:03,0:35
10/25/2024,2024-10-25 - Team H at Team G,Team H,4,9,2,18:54,18:19,0:35
10/25/2024,2024-10-25 - Team H at Team G,Team G,17,6,2,10:32,9:57,0:35
10/25/2024,2024-10-25 - Team H at Team G,Team G,90,5,2,10:32,9:57,0:35
10/25/2024,2024-10-25 - Team H at Team G,Team G,56,6,2,10:32,9:57,0:35
10/25/2024,2024-10-25 - Team H at Team G,Team H,19,12,3,19:18,18:43,0:35
10/25/2024,2024-10-25 - Team H at Team G,Team G,17,8,3,17:41,17:06,0:35
10/25/2024,2024-10-25 - Team H at Team G,Team G,59,16,3,16:32,15:57,0:35
10/25/2024,2024-10-25 - Team H at Team G,Team H,10,5,1,3:00,2:25,0:35
10/25/2024,2024-10-25 - Team H at Team G,Team H,14,5,1,3:00,2:25,0:35
10/25/2024,2024-10-25 - Team H at Team G,Team G,83,5,1,3:00,2:25,0:35
10/25/2024,2024-10-25 - Team H at Team G,Team G,14,6,1,3:00,2:25,0:35
10/25/2024,2024-10-25 - Team H at Team G,Team H,3,9,1,3:00,2:25,0:35
10/25/2024,2024-10-25 - Team H at Team G,Team H,2,9,1,3:00,2:25,0:35
10/25/2024,2024-10-25 - Team H at Team G,Team G,55,14,2,4:14,3:39,0:35
10/25/2024,2024-10-25 - Team H at Team G,Team G,55,11,2,17:24,16:49,0:35
10/25/2024,2024-10-25 - Team H at Team G,Team H,22,17,3,12:14,11:39,0:35
10/25/2024,2024-10-25 - Team H at Team G,Team H,18,16,3,12:14,11:39,0:35
10/25/2024,2024-10-25 - Team H at Team G,Team H,12,18,3,12:14,11:39,0:35
10/25/2024,2024-10-25 - Team H at Team G,Team G,55,9,1,0:45,0:10,0:35
10/25/2024,2024-10-25 - Team H at Team G,Team H,19,4,1,4:38,4:03,0:35
10/25/2024,2024-10-25 - Team H at Team G,Team H,28,5,1,4:38,4:03,0:35
10/25/2024,2024-10-25 - Team H at Team G,Team H,41,7,1,4:38,4:03,0:35
10/25/2024,2024-10-25 - Team H at Team G,Team H,26,10,2,11:53,11:18,0:35
10/25/2024,2024-10-25 - Team H at Team G,Team H,37,15,2,9:30,8:55,0:35
10/25/2024,2024-10-25 - Team H at Team G,Team H,17,14,3,14:18,13:43,0:35
10/25/2024,2024-10-25 - Team H at Team G,Team G,21,2,1,17:03,16:29,0:34
10/25/2024,2024-10-25 - Team H at Team G,Team G,83,2,1,17:03,16:29,0:34
10/25/2024,2024-10-25 - Team H at Team G,Team G,25,13,2,13:53,13:19,0:34
10/25/2024,2024-10-25 - Team H at Team G,Team G,51,12,2,13:53,13:19,0:34
10/25/2024,2024-10-25 - Team H at Team G,Team H,5,10,2,13:19,12:45,0:34
10/25/2024,2024-10-25 - Team H at Team G,Team H,28,14,3,14:14,13:40,0:34
10/25/2024,2024-10-25 - Team H at Team G,Team G,14,8,2,20:00,19:27,0:33
10/25/2024,2024-10-25 - Team H at Team G,Team H,4,15,2,3:12,2:39,0:33
10/25/2024,2024-10-25 - Team H at Team G,Team H,19,9,2,10:59,10:26,0:33
10/25/2024,2024-10-25 - Team H at Team G,Team H,17,9,2,10:59,10:26,0:33
10/25/2024,2024-10-25 - Team H at Team G,Team H,28,9,2,10:59,10:26,0:33
10/25/2024,2024-10-25 - Team H at Team G,Team H,37,13,2,10:59,10:26,0:33
10/25/2024,2024-10-25 - Team H at Team G,Team H,22,12,2,7:54,7:21,0:33
10/25/2024,2024-10-25 - Team H at Team G,Team H,12,12,2,7:54,7:21,0:33
10/25/2024,2024-10-25 - Team H at Team G,Team H,41,13,2,7:54,7:21,0:33
10/25/2024,2024-10-25 - Team H at Team G,Team H,37,16,2,7:54,7:21,0:33
10/25/2024,2024-10-25 - Team H at Team G,Team H,12,19,3,7:57,7:24,0:33
10/25/2024,2024-10-25 - Team H at Team G,Team H,2,21,3,18:07,17:34,0:33
10/25/2024,2024-10-25 - Team H at Team G,Team H,3,21,3,18:07,17:34,0:33
10/25/2024,2024-10-25 - Team H at Team G,Team H,22,10,2,13:19,12:47,0:32
10/25/2024,2024-10-25 - Team H at Team G,Team H,4,11,2,13:19,12:47,0:32
10/25/2024,2024-10-25 - Team H at Team G,Team G,14,16,3,20:00,19:28,0:32
10/25/2024,2024-10-25 - Team H at Team G,Team H,41,1,1,18:35,18:03,0:32
10/25/2024,2024-10-25 - Team H at Team G,Team G,83,18,3,5:08,4:36,0:32
10/25/2024,2024-10-25 - Team H at Team G,Team G,21,22,3,5:05,4:33,0:32
10/25/2024,2024-10-25 - Team H at Team G,Team H,18,10,2,11:50,11:18,0:32
10/25/2024,2024-10-25 - Team H at Team G,Team G,84,20,3,7:57,7:25,0:32
10/25/2024,2024-10-25 - Team H at Team G,Team G,18,8,2,18:19,17:47,0:32
10/25/2024,2024-10-25 - Team H at Team G,Team H,3,12,2,18:19,17:47,0:32
10/25/2024,2024-10-25 - Team H at Team G,Team H,28,6,2,18:19,17:47,0:32
10/25/2024,2024-10-25 - Team H at Team G,Team H,17,6,2,18:19,17:47,0:32
10/25/2024,2024-10-25 - Team H at Team G,Team G,59,5,1,6:33,6:02,0:31
10/25/2024,2024-10-25 - Team H at Team G,Team G,18,20,3,12:14,11:43,0:31
10/25/2024,2024-10-25 - Team H at Team G,Team G,63,19,3,12:14,11:43,0:31
10/25/2024,2024-10-25 - Team H at Team G,Team G,39,19,3,12:14,11:43,0:31
10/25/2024,2024-10-25 - Team H at Team G,Team G,23,23,3,3:46,3:15,0:31
10/25/2024,2024-10-25 - Team H at Team G,Team G,18,17,3,18:12,17:41,0:31
10/25/2024,2024-10-25 - Team H at Team G,Team H,4,5,1,8:06,7:36,0:30
10/25/2024,2024-10-25 - Team H at Team G,Team G,48,18,3,16:20,15:50,0:30
10/25/2024,2024-10-25 - Team H at Team G,Team G,84,21,3,5:53,5:23,0:30
10/25/2024,2024-10-25 - Team H at Team G,Team G,4,8,1,7:48,7:18,0:30
10/25/2024,2024-10-25 - Team H at Team G,Team G,48,12,2,9:30,9:00,0:30
10/25/2024,2024-10-25 - Team H at Team G,Team G,55,13,2,9:30,9:00,0:30
10/25/2024,2024-10-25 - Team H at Team G,Team G,55,3,1,16:27,15:58,0:29
10/25/2024,2024-10-25 - Team H at Team G,Team H,37,14,2,10:26,9:57,0:29
10/25/2024,2024-10-25 - Team H at Team G,Team H,25,9,2,10:26,9:57,0:29
10/25/2024,2024-10-25 - Team H at Team G,Team H,22,11,2,10:26,9:57,0:29
10/25/2024,2024-10-25 - Team H at Team G,Team H,12,11,2,10:26,9:57,0:29
10/25/2024,2024-10-25 - Team H at Team G,Team H,41,16,3,19:12,18:43,0:29
10/25/2024,2024-10-25 - Team H at Team G,Team H,37,18,3,19:12,18:43,0:29
10/25/2024,2024-10-25 - Team H at Team G,Team H,22,3,1,12:11,11:42,0:29
10/25/2024,2024-10-25 - Team H at Team G,Team H,10,7,2,16:55,16:26,0:29
10/25/2024,2024-10-25 - Team H at Team G,Team G,25,15,2,9:00,8:32,0:28
10/25/2024,2024-10-25 - Team H at Team G,Team G,51,14,2,9:00,8:32,0:28
10/25/2024,2024-10-25 - Team H at Team G,Team G,18,13,2,9:00,8:32,0:28
10/25/2024,2024-10-25 - Team H at Team G,Team G,63,12,2,9:00,8:32,0:28
10/25/2024,2024-10-25 - Team H at Team G,Team G,39,14,2,9:00,8:32,0:28
10/25/2024,2024-10-25 - Team H at Team G,Team G,51,18,2,0:27,0:00,0:27
10/25/2024,2024-10-25 - Team H at Team G,Team G,25,3,1,14:40,14:13,0:27
10/25/2024,2024-10-25 - Team H at Team G,Team H,4,3,1,12:57,12:30,0:27
10/25/2024,2024-10-25 - Team H at Team G,Team H,5,3,1,12:57,12:30,0:27
10/25/2024,2024-10-25 - Team H at Team G,Team G,51,20,3,16:59,16:32,0:27
10/25/2024,2024-10-25 - Team H at Team G,Team H,12,17,3,13:43,13:16,0:27
10/25/2024,2024-10-25 - Team H at Team G,Team H,41,18,3,13:43,13:16,0:27
10/25/2024,2024-10-25 - Team H at Team G,Team G,25,8,1,3:00,2:33,0:27
10/25/2024,2024-10-25 - Team H at Team G,Team G,51,8,1,3:00,2:33,0:27
10/25/2024,2024-10-25 - Team H at Team G,Team H,5,12,2,9:57,9:30,0:27
10/25/2024,2024-10-25 - Team H at Team G,Team H,4,12,2,9:57,9:30,0:27
10/25/2024,2024-10-25 - Team H at Team G,Team G,83,19,3,2:30,2:03,0:27
10/25/2024,2024-10-25 - Team H at Team G,Team G,4,5,1,13:36,13:09,0:27
10/25/2024,2024-10-25 - Team H at Team G,Team G,39,9,2,18:14,17:47,0:27
10/25/2024,2024-10-25 - Team H at Team G,Team H,2,12,2,18:14,17:47,0:27
10/25/2024,2024-10-25 - Team H at Team G,Team H,41,8,2,19:20,18:54,0:26
10/25/2024,2024-10-25 - Team H at Team G,Team H,37,9,2,19:20,18:54,0:26
10/25/2024,2024-10-25 - Team H at Team G,Team G,59,19,3,6:26,6:00,0:26
10/25/2024,2024-10-25 - Team H at Team G,Team G,48,22,3,6:26,6:00,0:26
10/25/2024,2024-10-25 - Team H at Team G,Team G,14,7,1,0:25,0:00,0:25
10/25/2024,2024-10-25 - Team H at Team G,Team G,17,4,1,1:46,1:21,0:25
10/25/2024,2024-10-25 - Team H at Team G,Team G,4,4,1,14:01,13:36,0:25
10/25/2024,2024-10-25 - Team H at Team G,Team H,41,10,2,13:43,13:19,0:24
10/25/2024,2024-10-25 - Team H at Team G,Team H,37,11,2,13:43,13:19,0:24
10/25/2024,2024-10-25 - Team H at Team G,Team H,22,16,3,13:40,13:16,0:24
10/25/2024,2024-10-25 - Team H at Team G,Team H,5,13,2,8:55,8:32,0:23
10/25/2024,2024-10-25 - Team H at Team G,Team H,4,13,2,8:55,8:32,0:23
10/25/2024,2024-10-25 - Team H at Team G,Team H,17,10,2,8:55,8:32,0:23
10/25/2024,2024-10-25 - Team H at Team G,Team H,19,10,2,8:55,8:32,0:23
10/25/2024,2024-10-25 - Team H at Team G,Team H,28,10,2,8:55,8:32,0:23
10/25/2024,2024-10-25 - Team H at Team G,Team H,10,9,2,8:32,8:09,0:23
10/25/2024,2024-10-25 - Team H at Team G,Team H,11,7,2,8:32,8:09,0:23
10/25/2024,2024-10-25 - Team H at Team G,Team H,14,7,2,8:32,8:09,0:23
10/25/2024,2024-10-25 - Team H at Team G,Team H,3,16,2,8:32,8:09,0:23
10/25/2024,2024-10-25 - Team H at Team G,Team H,2,16,2,8:32,8:09,0:23
10/25/2024,2024-10-25 - Team H at Team G,Team G,23,13,2,8:32,8:09,0:23
10/25/2024,2024-10-25 - Team H at Team G,Team G,84,13,2,8:32,8:09,0:23
10/25/2024,2024-10-25 - Team H at Team G,Team G,54,14,2,8:32,8:09,0:23
10/25/2024,2024-10-25 - Team H at Team G,Team G,59,11,2,8:32,8:09,0:23
10/25/2024,2024-10-25 - Team H at Team G,Team G,14,23,3,2:26,2:03,0:23
10/25/2024,2024-10-25 - Team H at Team G,Team H,13,3,1,12:34,12:11,0:23
10/25/2024,2024-10-25 - Team H at Team G,Team G,59,8,2,16:49,16:26,0:23
10/25/2024,2024-10-25 - Team H at Team G,Team G,48,9,2,16:49,16:26,0:23
10/25/2024,2024-10-25 - Team H at Team G,Team G,18,9,2,16:49,16:26,0:23
10/25/2024,2024-10-25 - Team H at Team G,Team G,63,9,2,16:49,16:26,0:23
10/25/2024,2024-10-25 - Team H at Team G,Team G,39,10,2,16:49,16:26,0:23
10/25/2024,2024-10-25 - Team H at Team G,Team G,48,3,1,13:09,12:47,0:22
10/25/2024,2024-10-25 - Team H at Team G,Team G,51,7,1,4:48,4:26,0:22
10/25/2024,2024-10-25 - Team H at Team G,Team H,13,5,1,6:55,6:33,0:22
10/25/2024,2024-10-25 - Team H at Team G,Team H,26,5,1,6:55,6:33,0:22
10/25/2024,2024-10-25 - Team H at Team G,Team H,18,5,1,6:55,6:33,0:22
10/25/2024,2024-10-25 - Team H at Team G,Team H,41,6,1,6:55,6:33,0:22
10/25/2024,2024-10-25 - Team H at Team G,Team H,37,6,1,6:55,6:33,0:22
10/25/2024,2024-10-25 - Team H at Team G,Team H,13,18,3,2:25,2:03,0:22
10/25/2024,2024-10-25 - Team H at Team G,Team H,25,15,3,2:25,2:03,0:22
10/25/2024,2024-10-25 - Team H at Team G,Team H,28,18,3,2:25,2:03,0:22
10/25/2024,2024-10-25 - Team H at Team G,Team G,90,8,3,12:35,12:14,0:21
10/25/2024,2024-10-25 - Team H at Team G,Team G,56,9,3,12:35,12:14,0:21
10/25/2024,2024-10-25 - Team H at Team G,Team H,3,15,2,9:30,9:10,0:20
10/25/2024,2024-10-25 - Team H at Team G,Team G,90,3,1,4:46,4:26,0:20
10/25/2024,2024-10-25 - Team H at Team G,Team H,2,26,3,3:53,3:34,0:19
10/25/2024,2024-10-25 - Team H at Team G,Team H,3,4,1,12:30,12:11,0:19
10/25/2024,2024-10-25 - Team H at Team G,Team H,2,4,1,12:30,12:11,0:19
10/25/2024,2024-10-25 - Team H at Team G,Team H,17,8,2,11:18,10:59,0:19
10/25/2024,2024-10-25 - Team H at Team G,Team H,28,8,2,11:18,10:59,0:19
10/25/2024,2024-10-25 - Team H at Team G,Team G,14,12,2,9:19,9:00,0:19
10/25/2024,2024-10-25 - Team H at Team G,Team G,21,12,2,9:19,9:00,0:19
10/25/2024,2024-10-25 - Team H at Team G,Team G,83,10,2,9:19,9:00,0:19
10/25/2024,2024-10-25 - Team H at Team G,Team H,28,1,1,17:22,17:03,0:19
10/25/2024,2024-10-25 - Team H at Team G,Team H,12,9,2,13:37,13:19,0:18
10/25/2024,2024-10-25 - Team H at Team G,Team H,18,17,3,7:41,7:24,0:17
10/25/2024,2024-10-25 - Team H at Team G,Team G,56,11,3,6:10,5:53,0:17
10/25/2024,2024-10-25 - Team H at Team G,Team G,56,3,1,4:43,4:26,0:17
10/25/2024,2024-10-25 - Team H at Team G,Team G,17,3,1,4:43,4:26,0:17
10/25/2024,2024-10-25 - Team H at Team G,Team H,3,7,1,7:12,6:55,0:17
10/25/2024,2024-10-25 - Team H at Team G,Team H,13,17,3,3:50,3:34,0:16
10/25/2024,2024-10-25 - Team H at Team G,Team H,19,17,3,3:50,3:34,0:16
10/25/2024,2024-10-25 - Team H at Team G,Team G,83,8,2,17:05,16:49,0:16
10/25/2024,2024-10-25 - Team H at Team G,Team G,63,17,3,15:21,15:06,0:15
10/25/2024,2024-10-25 - Team H at Team G,Team G,18,18,3,15:21,15:06,0:15
10/25/2024,2024-10-25 - Team H at Team G,Team G,51,21,3,15:21,15:06,0:15
10/25/2024,2024-10-25 - Team H at Team G,Team G,25,21,3,15:21,15:06,0:15
10/25/2024,2024-10-25 - Team H at Team G,Team H,3,17,2,8:09,7:54,0:15
10/25/2024,2024-10-25 - Team H at Team G,Team H,2,17,2,8:09,7:54,0:15
10/25/2024,2024-10-25 - Team H at Team G,Team H,26,12,2,8:09,7:54,0:15
10/25/2024,2024-10-25 - Team H at Team G,Team H,18,12,2,8:09,7:54,0:15
10/25/2024,2024-10-25 - Team H at Team G,Team H,41,12,2,9:10,8:55,0:15
10/25/2024,2024-10-25 - Team H at Team G,Team G,14,9,2,17:03,16:49,0:14
10/25/2024,2024-10-25 - Team H at Team G,Team G,23,16,2,0:14,0:00,0:14
10/25/2024,2024-10-25 - Team H at Team G,Team G,25,18,2,0:14,0:00,0:14
10/25/2024,2024-10-25 - Team H at Team G,Team G,54,17,2,0:13,0:00,0:13
10/25/2024,2024-10-25 - Team H at Team G,Team H,19,8,2,11:12,10:59,0:13
10/25/2024,2024-10-25 - Team H at Team G,Team H,4,19,3,13:27,13:16,0:11
10/25/2024,2024-10-25 - Team H at Team G,Team G,25,10,1,0:10,0:00,0:10
10/25/2024,2024-10-25 - Team H at Team G,Team G,21,9,2,16:58,16:49,0:09
10/25/2024,2024-10-25 - Team H at Team G,Team H,10,14,3,12:23,12:14,0:09
10/25/2024,2024-10-25 - Team H at Team G,Team H,11,12,3,12:23,12:14,0:09
10/25/2024,2024-10-25 - Team H at Team G,Team G,39,11,2,13:27,13:19,0:08
10/25/2024,2024-10-25 - Team H at Team G,Team G,18,10,2,13:27,13:19,0:08
10/25/2024,2024-10-25 - Team H at Team G,Team H,5,19,3,13:06,12:59,0:07
10/25/2024,2024-10-25 - Team H at Team G,Team G,17,10,3,6:00,5:53,0:07
10/25/2024,2024-10-25 - Team H at Team G,Team G,90,10,3,6:00,5:53,0:07
10/25/2024,2024-10-25 - Team H at Team G,Team G,51,16,2,2:46,2:39,0:07
10/25/2024,2024-10-25 - Team H at Team G,Team H,37,12,2,11:19,11:12,0:07
10/25/2024,2024-10-25 - Team H at Team G,Team G,63,16,3,17:41,17:35,0:06
10/25/2024,2024-10-25 - Team H at Team G,Team G,4,13,2,18:39,18:14,0:25
10/25/2024,2024-10-25 - Team H at Team G,Team G,4,14,2,17:24,16:49,0:35
10/25/2024,2024-10-25 - Team H at Team G,Team G,4,15,2,15:31,14:37,0:54
10/25/2024,2024-10-25 - Team H at Team G,Team G,4,16,2,13:19,12:17,1:02
10/25/2024,2024-10-25 - Team H at Team G,Team G,4,17,2,10:13,9:30,0:43
10/25/2024,2024-10-25 - Team H at Team G,Team G,4,18,2,7:11,6:07,1:04
10/25/2024,2024-10-25 - Team H at Team G,Team G,4,19,2,4:14,3:25,0:49
10/25/2024,2024-10-25 - Team H at Team G,Team G,4,20,2,1:57,1:10,0:47
10/25/2024,2024-10-25 - Team H at Team G,Team G,4,21,3,20:00,19:21,0:39
10/25/2024,2024-10-25 - Team H at Team G,Team G,4,22,3,17:41,16:59,0:42
10/25/2024,2024-10-25 - Team H at Team G,Team G,4,23,3,15:50,15:21,0:29
10/25/2024,2024-10-25 - Team H at Team G,Team G,4,24,3,14:11,13:16,0:55
10/25/2024,2024-10-25 - Team H at Team G,Team G,4,25,3,12:35,11:43,0:52
10/25/2024,2024-10-25 - Team H at Team G,Team G,4,26,3,9:54,9:30,0:24
10/25/2024,2024-10-25 - Team H at Team G,Team G,4,27,3,7:25,6:26,0:59
10/25/2024,2024-10-25 - Team H at Team G,Team G,4,28,3,5:15,4:37,0:38
10/25/2024,2024-10-25 - Team H at Team G,Team G,4,29,3,2:26,0:00,2:26
